{
  "results": [
    {
      "command": "bash scripts/utils.sh --help",
      "mean": 0.004573281866686219,
      "stddev": 0.004161852426229432,
      "median": 0.0038299019400000003,
      "user": 0.0026533636363636364,
      "system": 0.001303479178885631,
      "min": 0.00297802694,
      "max": 0.05547781894000001,
      "times": [
        0.00562260994,
        0.00328873494,
        0.00402973494,
        0.0045827759400000005,
        0.01000356894,
        0.037226817940000004,
        0.012089068940000001,
        0.01172402594,
        0.00502965094,
        0.00454102694,
        0.00510548494,
        0.004912109940000001,
        0.005082067940000001,
        0.005019609940000001,
        0.005857859940000001,
        0.005114901940000001,
        0.00477560994,
        0.00479169294,
        0.00498944294,
        0.0052026519400000006,
        0.005283276940000001,
        0.00511910994,
        0.00555973494,
        0.005628817940000001,
        0.004449192940000001,
        0.004411693939999999,
        0.0042757349399999995,
        0.00411040094,
        0.004443026940000001,
        0.00398377594,
        0.00369594294,
        0.00375810994,
        0.0032069439400000004,
        0.00369152694,
        0.00373540094,
        0.0039550689400000005,
        0.004608109940000001,
        0.0046091929399999995,
        0.005935151940000001,
        0.00513452694,
        0.005259192940000001,
        0.00593598494,
        0.005635442940000001,
        0.00487019294,
        0.00542298494,
        0.00627765194,
        0.00499794294,
        0.00469319394,
        0.00585069394,
        0.004681234940000001,
        0.004478359940000001,
        0.00443735994,
        0.0052315259400000005,
        0.004668317940000001,
        0.0043628179399999995,
        0.00410506794,
        0.004152484939999999,
        0.004653234940000001,
        0.00520494294,
        0.00429677694,
        0.00429848494,
        0.00420898494,
        0.00412369294,
        0.00391106794,
        0.00417506894,
        0.0043469009400000005,
        0.00466181794,
        0.00421048494,
        0.00439577694,
        0.004364109939999999,
        0.004155942940000001,
        0.005221901940000001,
        0.0043156509400000004,
        0.00424569294,
        0.004230151939999999,
        0.00454127694,
        0.004609150940000001,
        0.00404327694,
        0.00428902594,
        0.003995901939999999,
        0.0061150269400000005,
        0.00453906894,
        0.00440590194,
        0.0041483599400000005,
        0.00567969294,
        0.007598942940000001,
        0.00405435994,
        0.0039366939399999995,
        0.004218026939999999,
        0.00437044294,
        0.0036967759400000004,
        0.00429044294,
        0.00406590194,
        0.00435248494,
        0.00397615194,
        0.0044046519400000005,
        0.005555359940000001,
        0.0045910269399999995,
        0.004095567939999999,
        0.00400573494,
        0.0056206519400000005,
        0.005860984940000001,
        0.00783948494,
        0.0042739849399999995,
        0.0037526929400000003,
        0.0038299019400000003,
        0.0037692769400000004,
        0.00412594294,
        0.00608290094,
        0.005052068940000001,
        0.00381160994,
        0.0032769019399999997,
        0.00362273494,
        0.00364510994,
        0.00376344394,
        0.00441640194,
        0.0036814849399999998,
        0.0038691519399999996,
        0.0035175679400000002,
        0.0030184849400000002,
        0.0031249429399999996,
        0.0032480269400000004,
        0.0038181939400000003,
        0.0032242349400000004,
        0.0035746509399999997,
        0.0039675269400000004,
        0.0035100679399999997,
        0.00363390094,
        0.00372435994,
        0.0033619849400000003,
        0.0036860679399999996,
        0.00382827594,
        0.00390098494,
        0.00308048494,
        0.00308869394,
        0.0030490689400000004,
        0.0031249019400000004,
        0.0034514849399999996,
        0.0037034429399999996,
        0.00323552694,
        0.0036827759400000003,
        0.0033029019399999997,
        0.0036049849400000005,
        0.00382310994,
        0.004117359940000001,
        0.00352469394,
        0.0031659009400000003,
        0.0037254009400000004,
        0.004686526940000001,
        0.003984192940000001,
        0.0035406099400000003,
        0.00352190094,
        0.0033604849399999997,
        0.0030561099399999997,
        0.00382519294,
        0.00360173494,
        0.00337810994,
        0.00362565194,
        0.00406252694,
        0.00385698494,
        0.00371310994,
        0.00370369294,
        0.00334894294,
        0.00333265194,
        0.0037846929400000002,
        0.0039218599399999995,
        0.0036084849399999996,
        0.00358919294,
        0.0034946099400000002,
        0.0030981929399999998,
        0.00340785994,
        0.0031227349400000004,
        0.0031601509399999997,
        0.00301944294,
        0.00309735994,
        0.0032760269399999997,
        0.00347127694,
        0.00311623494,
        0.0037287769399999998,
        0.0031128179399999996,
        0.00323827694,
        0.00297802694,
        0.0032481929399999997,
        0.00349040194,
        0.0032209439399999997,
        0.00306652694,
        0.0029927349399999996,
        0.00315873494,
        0.00334240194,
        0.0031675269399999996,
        0.0030254849400000003,
        0.00316069294,
        0.0032924429399999997,
        0.0032268599399999996,
        0.0030248599399999997,
        0.0030507349400000004,
        0.0032572349399999996,
        0.00313898494,
        0.0031766939399999997,
        0.00322081794,
        0.00331869294,
        0.00316790194,
        0.0033743599399999997,
        0.00316802694,
        0.0033476519400000002,
        0.00340715194,
        0.0030322769399999997,
        0.00316485994,
        0.0031662349399999997,
        0.00327194294,
        0.0036428179399999997,
        0.00333794294,
        0.00318581794,
        0.0030707349399999996,
        0.0030059439399999998,
        0.00341210994,
        0.00367765194,
        0.00327315094,
        0.0034384439400000004,
        0.00317344394,
        0.00367985994,
        0.00311915194,
        0.00347885994,
        0.00307473494,
        0.0031354429399999997,
        0.00425781794,
        0.05547781894000001,
        0.01245865194,
        0.00875677694,
        0.00531690194,
        0.006643484940000001,
        0.00520223494,
        0.005071734940000001,
        0.004835318940000001,
        0.00445694294,
        0.00539719294,
        0.00563135994,
        0.004901984940000001,
        0.00922440094,
        0.004572943940000001,
        0.004471692940000001,
        0.004968651940000001,
        0.03046956894,
        0.03501602694000001,
        0.011192526940000001,
        0.010881192940000001,
        0.00429769294,
        0.00418669294,
        0.00396552694,
        0.0036424429400000002,
        0.004145442940000001,
        0.003955776940000001,
        0.00450385994,
        0.00413665194,
        0.00432335994,
        0.004028150940000001,
        0.00337298494,
        0.0038018599400000005,
        0.0040199849400000005,
        0.004108151940000001,
        0.003966359940000001,
        0.00423610994,
        0.0043950679400000005,
        0.00477356894,
        0.004696901940000001,
        0.0037998179399999998,
        0.00356473494,
        0.0035026099400000004,
        0.0039047769399999997,
        0.00365002694,
        0.0037465679400000003,
        0.00456477594,
        0.00350835994,
        0.0040525269400000005,
        0.00326023494,
        0.00360273494,
        0.0033709009399999997,
        0.0032207349400000004,
        0.0033868179400000004,
        0.00388144294,
        0.0034176509399999997,
        0.00342990194,
        0.0031829429400000004,
        0.0037825259400000003,
        0.00424990194,
